mission_id,mission_name,description,start_date,end_date
1,Mission 1,Description of Mission 1,2024-10-01,2024-12-31
2,Mission 2,Description of Mission 2,2024-10-01,2024-12-31
3,Mission 3,Description of Mission 3,2024-10-01,2024-12-31
4,Mission 4,Description of Mission 4,2024-10-01,2024-12-31
5,Mission 5,Description of Mission 5,2024-10-01,2024-12-31
6,Mission 6,Description of Mission 6,2024-10-01,2024-12-31
7,Mission 7,Description of Mission 7,2024-10-01,2024-12-31
8,Mission 8,Description of Mission 8,2024-10-01,2024-12-31
9,Mission 9,Description of Mission 9,2024-10-01,2024-12-31
10,Mission 10,Description of Mission 10,2024-10-01,2024-12-31
11,Mission 11,Description of Mission 11,2024-10-01,2024-12-31
12,Mission 12,Description of Mission 12,2024-10-01,2024-12-31
13,Mission 13,Description of Mission 13,2024-10-01,2024-12-31
14,Mission 14,Description of Mission 14,2024-10-01,2024-12-31
15,Mission 15,Description of Mission 15,2024-10-01,2024-12-31
16,Mission 16,Description of Mission 16,2024-10-01,2024-12-31
17,Mission 17,Description of Mission 17,2024-10-01,2024-12-31
18,Mission 18,Description of Mission 18,2024-10-01,2024-12-31
19,Mission 19,Description of Mission 19,2024-10-01,2024-12-31
20,Mission 20,Description of Mission 20,2024-10-01,2024-12-31
