user_id,first_name,last_name,email,gender,birthdate,created_at,updated_at
1,User1,Test1,user1@example.com,Male,1980-01-01,2024-01-01,2024-01-01
2,User2,Test2,user2@example.com,Male,1980-12-31,2024-01-01,2024-01-01
3,User3,Test3,user3@example.com,Male,1981-12-31,2024-01-01,2024-01-01
4,User4,Test4,user4@example.com,Male,1982-12-31,2024-01-01,2024-01-01
5,User5,Test5,user5@example.com,Male,1983-12-31,2024-01-01,2024-01-01
6,User6,Test6,user6@example.com,Male,1984-12-30,2024-01-01,2024-01-01
7,User7,Test7,user7@example.com,Female,1985-12-30,2024-01-01,2024-01-01
8,User8,Test8,user8@example.com,Male,1986-12-30,2024-01-01,2024-01-01
9,User9,Test9,user9@example.com,Female,1987-12-30,2024-01-01,2024-01-01
10,User10,Test10,user10@example.com,Male,1988-12-29,2024-01-01,2024-01-01
11,User11,Test11,user11@example.com,Male,1989-12-29,2024-01-01,2024-01-01
12,User12,Test12,user12@example.com,Female,1990-12-29,2024-01-01,2024-01-01
13,User13,Test13,user13@example.com,Female,1991-12-29,2024-01-01,2024-01-01
14,User14,Test14,user14@example.com,Male,1992-12-28,2024-01-01,2024-01-01
15,User15,Test15,user15@example.com,Male,1993-12-28,2024-01-01,2024-01-01
16,User16,Test16,user16@example.com,Male,1994-12-28,2024-01-01,2024-01-01
17,User17,Test17,user17@example.com,Male,1995-12-28,2024-01-01,2024-01-01
18,User18,Test18,user18@example.com,Male,1996-12-27,2024-01-01,2024-01-01
19,User19,Test19,user19@example.com,Female,1997-12-27,2024-01-01,2024-01-01
20,User20,Test20,user20@example.com,Female,1998-12-27,2024-01-01,2024-01-01
21,User21,Test21,user21@example.com,Female,1999-12-27,2024-01-01,2024-01-01
22,User22,Test22,user22@example.com,Male,2000-12-26,2024-01-01,2024-01-01
23,User23,Test23,user23@example.com,Male,2001-12-26,2024-01-01,2024-01-01
24,User24,Test24,user24@example.com,Male,2002-12-26,2024-01-01,2024-01-01
25,User25,Test25,user25@example.com,Female,2003-12-26,2024-01-01,2024-01-01
26,User26,Test26,user26@example.com,Female,2004-12-25,2024-01-01,2024-01-01
27,User27,Test27,user27@example.com,Male,2005-12-25,2024-01-01,2024-01-01
28,User28,Test28,user28@example.com,Male,2006-12-25,2024-01-01,2024-01-01
29,User29,Test29,user29@example.com,Male,2007-12-25,2024-01-01,2024-01-01
30,User30,Test30,user30@example.com,Male,2008-12-24,2024-01-01,2024-01-01
31,User31,Test31,user31@example.com,Female,2009-12-24,2024-01-01,2024-01-01
32,User32,Test32,user32@example.com,Female,2010-12-24,2024-01-01,2024-01-01
33,User33,Test33,user33@example.com,Female,2011-12-24,2024-01-01,2024-01-01
34,User34,Test34,user34@example.com,Male,2012-12-23,2024-01-01,2024-01-01
35,User35,Test35,user35@example.com,Male,2013-12-23,2024-01-01,2024-01-01
36,User36,Test36,user36@example.com,Male,2014-12-23,2024-01-01,2024-01-01
37,User37,Test37,user37@example.com,Male,2015-12-23,2024-01-01,2024-01-01
38,User38,Test38,user38@example.com,Female,2016-12-22,2024-01-01,2024-01-01
39,User39,Test39,user39@example.com,Female,2017-12-22,2024-01-01,2024-01-01
40,User40,Test40,user40@example.com,Female,2018-12-22,2024-01-01,2024-01-01
41,User41,Test41,user41@example.com,Male,2019-12-22,2024-01-01,2024-01-01
42,User42,Test42,user42@example.com,Male,2020-12-21,2024-01-01,2024-01-01
43,User43,Test43,user43@example.com,Male,2021-12-21,2024-01-01,2024-01-01
44,User44,Test44,user44@example.com,Female,2022-12-21,2024-01-01,2024-01-01
45,User45,Test45,user45@example.com,Male,2023-12-21,2024-01-01,2024-01-01
46,User46,Test46,user46@example.com,Male,2024-12-20,2024-01-01,2024-01-01
47,User47,Test47,user47@example.com,Male,2025-12-20,2024-01-01,2024-01-01
48,User48,Test48,user48@example.com,Male,2026-12-20,2024-01-01,2024-01-01
49,User49,Test49,user49@example.com,Male,2027-12-20,2024-01-01,2024-01-01
50,User50,Test50,user50@example.com,Female,2028-12-19,2024-01-01,2024-01-01
